mask_type,split_num,method,method_name,variable,rmse,mae,r2,missing_count
block_14day,,linear_interpolation,Linear Interpolation,CHL,0.5166927770174352,0.3539230252142857,0.3790648285565359,112
block_14day,,linear_interpolation,Linear Interpolation,mlotst,2.6368637899978205,1.289588744920634,0.43685892508511603,112
block_14day,,linear_interpolation,Linear Interpolation,no3,0.021325103555863634,0.010135362124047616,-0.2763522274488621,112
block_14day,,linear_interpolation,Linear Interpolation,o2,0.42989502500181137,0.3243198809523796,0.9769047991221474,112
block_14day,,linear_interpolation,Linear Interpolation,po4,0.0038964369870710413,0.0013160204920386906,0.9847485704805957,112
block_14day,,linear_interpolation,Linear Interpolation,so,0.19271205588715185,0.13798317327330414,0.9122194285658284,112
block_14day,,linear_interpolation,Linear Interpolation,thetao,0.22904666245781496,0.17718784998038015,0.951979023331754,112
block_14day,,linear_interpolation,Linear Interpolation,uo,0.04592313188342129,0.03499655573562318,0.8066864384595775,112
block_14day,,linear_interpolation,Linear Interpolation,vo,0.03895411204752709,0.028534261360099254,0.6054462477986775,112
block_14day,,linear_interpolation,Linear Interpolation,NDVI_daily,0.0801950325242035,0.03224848774284743,0.7943510174958379,112
block_14day,,linear_interpolation,Linear Interpolation,NDVI_raw,0.05194917179032372,0.0379195962812553,0.3052116198381315,112
block_14day,,linear_interpolation,Linear Interpolation,precip_mm_day,8.602107980537717,6.19104609928632,-0.4746485610077258,112
block_14day,,linear_interpolation,Linear Interpolation,wind_speed_ms,1.5101566790989733,1.2156538338996996,0.41256883631014185,112
block_14day,,linear_interpolation,Linear Interpolation,wind_u_ms,1.933736466157471,1.4327252587767734,0.3491771926570947,112
block_14day,,linear_interpolation,Linear Interpolation,wind_v_ms,2.3300168935182386,1.4865487521068055,0.21459841497292909,112
block_14day,,climatological,Climatological Substitution,CHL,0.6009038724259406,0.4646476875334821,0.1601698056637364,112
block_14day,,climatological,Climatological Substitution,mlotst,2.9880049165938565,2.422917718250704,0.2768898990685994,112
block_14day,,climatological,Climatological Substitution,no3,0.020867120260846153,0.012966996334821429,-0.22211839480265105,112
block_14day,,climatological,Climatological Substitution,o2,1.302437290023956,1.0312851116071413,0.7880123553535969,112
block_14day,,climatological,Climatological Substitution,po4,0.01729688974091949,0.00858143048120424,0.6994537789966138,112
block_14day,,climatological,Climatological Substitution,so,0.5140921599128973,0.4116899239306803,0.375312816003342,112
block_14day,,climatological,Climatological Substitution,thetao,0.4666290686595759,0.37800293923438794,0.8006911275175764,112
block_14day,,climatological,Climatological Substitution,uo,0.05707715473136573,0.04931600386044009,0.7013765172125526,112
block_14day,,climatological,Climatological Substitution,vo,0.053769882927743734,0.04595079322046198,0.248242548772294,112
block_14day,,climatological,Climatological Substitution,NDVI_daily,0.1633334690361011,0.10502752711506617,0.14693524008618553,112
block_14day,,climatological,Climatological Substitution,NDVI_raw,0.05902854624122678,0.03492449616485016,0.10294418585638887,112
block_14day,,climatological,Climatological Substitution,precip_mm_day,5.965877495155477,4.113767402938355,0.2907041578536037,112
block_14day,,climatological,Climatological Substitution,wind_speed_ms,1.4324178603692153,1.179780191420411,0.4714909580301555,112
block_14day,,climatological,Climatological Substitution,wind_u_ms,1.7875543094566828,1.4484086684070672,0.4438567373807587,112
block_14day,,climatological,Climatological Substitution,wind_v_ms,2.0300787010447707,1.4283966170508628,0.40378982539340325,112
block_7day,,linear_interpolation,Linear Interpolation,CHL,0.6194707724112729,0.36506805149553573,0.33278914316246033,112
block_7day,,linear_interpolation,Linear Interpolation,mlotst,1.199068448435713,0.6442607526634155,0.7420764576054686,112
block_7day,,linear_interpolation,Linear Interpolation,no3,0.012941089606772784,0.007171325572991071,0.9014612456607055,112
block_7day,,linear_interpolation,Linear Interpolation,o2,0.5763254698040541,0.3504192857142832,0.9627171517075747,112
block_7day,,linear_interpolation,Linear Interpolation,po4,0.0012981432424926103,0.0005463414909062499,0.9985388291310706,112
block_7day,,linear_interpolation,Linear Interpolation,so,0.14826278138552146,0.09868786749263687,0.9487934833320124,112
block_7day,,linear_interpolation,Linear Interpolation,thetao,0.2668091958797891,0.21229029404431912,0.8969201944537055,112
block_7day,,linear_interpolation,Linear Interpolation,uo,0.050435678736907574,0.03883616570549616,0.7111390032489953,112
block_7day,,linear_interpolation,Linear Interpolation,vo,0.032096511882737745,0.022187955486255552,0.6363110505419567,112
block_7day,,linear_interpolation,Linear Interpolation,NDVI_daily,0.008267759266804845,0.00332438133800385,0.9924405357684261,112
block_7day,,linear_interpolation,Linear Interpolation,NDVI_raw,0.038063571771381234,0.022874323487983805,-0.9173629756764239,112
block_7day,,linear_interpolation,Linear Interpolation,precip_mm_day,11.720664586650175,7.402876467673778,-0.12754556569052267,112
block_7day,,linear_interpolation,Linear Interpolation,wind_speed_ms,1.0460431474624128,0.8548443265212055,0.6509483741205881,112
block_7day,,linear_interpolation,Linear Interpolation,wind_u_ms,1.50494852983375,1.1520964890234513,0.3784757362532273,112
block_7day,,linear_interpolation,Linear Interpolation,wind_v_ms,1.87479582567859,1.1939237632978645,0.23253274769411147,112
block_7day,,climatological,Climatological Substitution,CHL,0.6934752641799055,0.47697473020089287,0.16385150414093141,112
block_7day,,climatological,Climatological Substitution,mlotst,2.4642098094482963,2.242735884701168,-0.08932732638135032,112
block_7day,,climatological,Climatological Substitution,no3,0.02304279418306908,0.015607228683928569,0.6875822785057251,112
block_7day,,climatological,Climatological Substitution,o2,2.1376355819691764,1.7429750892857148,0.4870904356576924,112
block_7day,,climatological,Climatological Substitution,po4,0.02698478121404669,0.015149471600026785,0.36861599763926,112
block_7day,,climatological,Climatological Substitution,so,0.5946031925381375,0.4928049543845451,0.17640173901204614,112
block_7day,,climatological,Climatological Substitution,thetao,0.4810209163622231,0.3889287018599656,0.664957480898146,112
block_7day,,climatological,Climatological Substitution,uo,0.06541488675505565,0.05414787411739648,0.5140782329828594,112
block_7day,,climatological,Climatological Substitution,vo,0.057154024870594004,0.047522700822030695,-0.15320912207314863,112
block_7day,,climatological,Climatological Substitution,NDVI_daily,0.11668371869003652,0.0792729386873183,-0.5056911373264434,112
block_7day,,climatological,Climatological Substitution,NDVI_raw,0.048334718789114474,0.03978047340160103,-2.0917448909806944,112
block_7day,,climatological,Climatological Substitution,precip_mm_day,8.88559480332498,6.2019254307128655,0.351958773239453,112
block_7day,,climatological,Climatological Substitution,wind_speed_ms,1.3861174645441356,1.0621115159798578,0.3870987053855617,112
block_7day,,climatological,Climatological Substitution,wind_u_ms,1.4135211529062195,1.1551936842327757,0.4516985207018962,112
block_7day,,climatological,Climatological Substitution,wind_v_ms,1.4170579634410037,1.107401335954265,0.5615428792900052,112
cross_variable,,linear_interpolation,Linear Interpolation,CHL,0.7422168998471872,0.5197420985979211,-1.303937044218305,152
cross_variable,,linear_interpolation,Linear Interpolation,mlotst,,,,0
cross_variable,,linear_interpolation,Linear Interpolation,no3,,,,0
cross_variable,,linear_interpolation,Linear Interpolation,o2,,,,0
cross_variable,,linear_interpolation,Linear Interpolation,po4,,,,0
cross_variable,,linear_interpolation,Linear Interpolation,so,,,,0
cross_variable,,linear_interpolation,Linear Interpolation,thetao,,,,0
cross_variable,,linear_interpolation,Linear Interpolation,uo,,,,0
cross_variable,,linear_interpolation,Linear Interpolation,vo,,,,0
cross_variable,,linear_interpolation,Linear Interpolation,NDVI_daily,0.011929587463338266,0.006618495370482917,0.9376693182518157,152
cross_variable,,linear_interpolation,Linear Interpolation,NDVI_raw,0.09920257627262503,0.07102145874632869,-0.7103852312561556,152
cross_variable,,linear_interpolation,Linear Interpolation,precip_mm_day,,,,0
cross_variable,,linear_interpolation,Linear Interpolation,wind_speed_ms,,,,0
cross_variable,,linear_interpolation,Linear Interpolation,wind_u_ms,,,,0
cross_variable,,linear_interpolation,Linear Interpolation,wind_v_ms,,,,0
cross_variable,,climatological,Climatological Substitution,CHL,0.45313866081520066,0.30800583644736845,0.14124127242753115,152
cross_variable,,climatological,Climatological Substitution,mlotst,,,,0
cross_variable,,climatological,Climatological Substitution,no3,,,,0
cross_variable,,climatological,Climatological Substitution,o2,,,,0
cross_variable,,climatological,Climatological Substitution,po4,,,,0
cross_variable,,climatological,Climatological Substitution,so,,,,0
cross_variable,,climatological,Climatological Substitution,thetao,,,,0
cross_variable,,climatological,Climatological Substitution,uo,,,,0
cross_variable,,climatological,Climatological Substitution,vo,,,,0
cross_variable,,climatological,Climatological Substitution,NDVI_daily,0.03961232746403113,0.025237242246564068,0.3127547497186709,152
cross_variable,,climatological,Climatological Substitution,NDVI_raw,0.04989208455584802,0.034133087668587775,0.5673752756697027,152
cross_variable,,climatological,Climatological Substitution,precip_mm_day,,,,0
cross_variable,,climatological,Climatological Substitution,wind_speed_ms,,,,0
cross_variable,,climatological,Climatological Substitution,wind_u_ms,,,,0
cross_variable,,climatological,Climatological Substitution,wind_v_ms,,,,0
random_10,,linear_interpolation,Linear Interpolation,CHL,0.7632153594782924,0.31849478012557075,0.5048318267634885,292
random_10,,linear_interpolation,Linear Interpolation,mlotst,0.44315822831139506,0.1746714431664919,0.9747311772968378,292
random_10,,linear_interpolation,Linear Interpolation,no3,0.004843689244542209,0.002275099668378995,0.9932179994891952,292
random_10,,linear_interpolation,Linear Interpolation,o2,0.1459705049632647,0.08245419520547986,0.9981232008084011,292
random_10,,linear_interpolation,Linear Interpolation,po4,0.00026291937911578664,0.00012237171100913224,0.9999283687323214,292
random_10,,linear_interpolation,Linear Interpolation,so,0.09930667300834901,0.052745024911255746,0.9856907122825577,292
random_10,,linear_interpolation,Linear Interpolation,thetao,0.1256980903313512,0.08694903108176505,0.9899550044352967,292
random_10,,linear_interpolation,Linear Interpolation,uo,0.025645976000015922,0.018140745495943578,0.9290373769379221,292
random_10,,linear_interpolation,Linear Interpolation,vo,0.025490620579258466,0.014988211340793997,0.831276651249181,292
random_10,,linear_interpolation,Linear Interpolation,NDVI_daily,0.001375082567911237,0.0002903566034469026,0.9998607660452087,289
random_10,,linear_interpolation,Linear Interpolation,NDVI_raw,0.056050275781091466,0.04480326516097455,-0.3352683133182546,12
random_10,,linear_interpolation,Linear Interpolation,precip_mm_day,13.361939332966571,7.550473669067822,-0.052525006871786406,291
random_10,,linear_interpolation,Linear Interpolation,wind_speed_ms,0.8347456023077574,0.6262439796830315,0.8403234438445923,291
random_10,,linear_interpolation,Linear Interpolation,wind_u_ms,0.7050959100899087,0.49669338562656656,0.9271322642360235,291
random_10,,linear_interpolation,Linear Interpolation,wind_v_ms,0.8225779466130153,0.573199134999745,0.8811834777764854,291
random_10,,climatological,Climatological Substitution,CHL,0.9643655124536098,0.4981784494263699,0.20942721361544314,292
random_10,,climatological,Climatological Substitution,mlotst,2.6425111745102265,2.2288245985648047,0.10153525932955199,292
random_10,,climatological,Climatological Substitution,no3,0.038933747976565604,0.02271043646232877,0.561814805034834,292
random_10,,climatological,Climatological Substitution,o2,1.5341252711666613,1.2254259931506848,0.7926952587687689,292
random_10,,climatological,Climatological Substitution,po4,0.021648850700405942,0.010974258366313784,0.514345819206986,292
random_10,,climatological,Climatological Substitution,so,0.5895665692648382,0.47603681627126754,0.4956560096807958,292
random_10,,climatological,Climatological Substitution,thetao,0.5180078195292516,0.4119330921739799,0.8294055016293204,292
random_10,,climatological,Climatological Substitution,uo,0.06359914787417643,0.05134281959489931,0.5635909069060441,292
random_10,,climatological,Climatological Substitution,vo,0.05932312800410642,0.05040191931646851,0.08617622219432963,292
random_10,,climatological,Climatological Substitution,NDVI_daily,0.10207839146962837,0.07077906481420954,0.23271759051336893,289
random_10,,climatological,Climatological Substitution,NDVI_raw,0.054187057085998434,0.04000640389586816,-0.2479700576858206,12
random_10,,climatological,Climatological Substitution,precip_mm_day,10.549595657344245,6.776534293942909,0.3439075190554505,291
random_10,,climatological,Climatological Substitution,wind_speed_ms,1.7642494894527365,1.403389445175771,0.2867317726665859,291
random_10,,climatological,Climatological Substitution,wind_u_ms,1.7465718762166316,1.385013567426338,0.5528926501168338,291
random_10,,climatological,Climatological Substitution,wind_v_ms,1.6009265541878595,1.2403131993188576,0.5499450641204897,291
random_20,,linear_interpolation,Linear Interpolation,CHL,0.7335721185980335,0.348020642923516,0.4223510630863001,584
random_20,,linear_interpolation,Linear Interpolation,mlotst,0.6327918893113077,0.2664055232039428,0.9475159847744347,584
random_20,,linear_interpolation,Linear Interpolation,no3,0.007901860734593305,0.003340914684275114,0.9843444853087686,584
random_20,,linear_interpolation,Linear Interpolation,o2,0.1629209417378999,0.10241749372146176,0.9977236816788315,584
random_20,,linear_interpolation,Linear Interpolation,po4,0.0004166770053994334,0.00016143183606934954,0.9998328843024428,584
random_20,,linear_interpolation,Linear Interpolation,so,0.07844128213033244,0.040949673267489606,0.9896631637788745,584
random_20,,linear_interpolation,Linear Interpolation,thetao,0.12250992669361117,0.08918045669959937,0.9906609030913921,584
random_20,,linear_interpolation,Linear Interpolation,uo,0.030552353242767744,0.021528840041081476,0.8894713500183113,584
random_20,,linear_interpolation,Linear Interpolation,vo,0.02617058487437496,0.01644841982498254,0.8158334587218192,584
random_20,,linear_interpolation,Linear Interpolation,NDVI_daily,0.003227816211204664,0.0003521896306736982,0.9992783481260565,578
random_20,,linear_interpolation,Linear Interpolation,NDVI_raw,0.10872308652056852,0.07398731555354719,-0.900410805242019,24
random_20,,linear_interpolation,Linear Interpolation,precip_mm_day,11.136996091519649,6.444834867993851,-0.1992741008464809,582
random_20,,linear_interpolation,Linear Interpolation,wind_speed_ms,0.7992754792982442,0.5802145188653653,0.8219350207571334,582
random_20,,linear_interpolation,Linear Interpolation,wind_u_ms,0.8084595232226371,0.5678608743278966,0.8990717127461346,582
random_20,,linear_interpolation,Linear Interpolation,wind_v_ms,1.039788945451749,0.6280602966561287,0.8018548661411845,582
random_20,,climatological,Climatological Substitution,CHL,0.8644239283367449,0.4931449082191781,0.19789373971923974,584
random_20,,climatological,Climatological Substitution,mlotst,2.577866737144044,2.1783305725484627,0.12898392495542077,584
random_20,,climatological,Climatological Substitution,no3,0.04139489328862461,0.02324679289109589,0.5703625380866095,584
random_20,,climatological,Climatological Substitution,o2,1.6226738616423328,1.289744516267124,0.774190790025175,584
random_20,,climatological,Climatological Substitution,po4,0.021283002577267066,0.010803708194974528,0.5640025263893094,584
random_20,,climatological,Climatological Substitution,so,0.5813893411327753,0.47063483760037544,0.4321516099866969,584
random_20,,climatological,Climatological Substitution,thetao,0.5430309348457235,0.4355454824159996,0.8165103959721627,584
random_20,,climatological,Climatological Substitution,uo,0.06758822997736233,0.0541821122568177,0.4590866770169839,584
random_20,,climatological,Climatological Substitution,vo,0.05782617496462963,0.04922879878742529,0.10084863772752173,584
random_20,,climatological,Climatological Substitution,NDVI_daily,0.1047317022343187,0.07015147512791407,0.2402574126677729,578
random_20,,climatological,Climatological Substitution,NDVI_raw,0.05088891004762137,0.03958048307258227,0.5836579816156314,24
random_20,,climatological,Climatological Substitution,precip_mm_day,8.6916665406875,5.849300608252901,0.2695534661822556,582
random_20,,climatological,Climatological Substitution,wind_speed_ms,1.5439729740963777,1.2068585775676468,0.3355459965710329,582
random_20,,climatological,Climatological Substitution,wind_u_ms,1.740692501942658,1.3849524958883745,0.53211356073699,582
random_20,,climatological,Climatological Substitution,wind_v_ms,1.6383523854720716,1.2042479953309884,0.5080650766348451,582
rolling_origin,1,linear_interpolation,Linear Interpolation,CHL,0.6549391404745297,0.37708929352136744,0.04842723320381459,180
rolling_origin,1,linear_interpolation,Linear Interpolation,mlotst,1.4686198876412235,0.7975150191894891,0.7711140072657768,180
rolling_origin,1,linear_interpolation,Linear Interpolation,no3,0.04629569001948638,0.028803360146611716,0.0640196946939513,180
rolling_origin,1,linear_interpolation,Linear Interpolation,o2,2.5798001853560524,1.8792811648351662,0.01745303597947856,180
rolling_origin,1,linear_interpolation,Linear Interpolation,po4,0.00019723459353600871,0.00014176877779145298,0.02071961535131539,180
rolling_origin,1,linear_interpolation,Linear Interpolation,so,0.5281489832674457,0.42718772677919614,-0.21788207200061782,180
rolling_origin,1,linear_interpolation,Linear Interpolation,thetao,0.27738932717837367,0.2141609459235278,0.8707513294661977,180
rolling_origin,1,linear_interpolation,Linear Interpolation,uo,0.09028912139958911,0.06923993962438221,-0.12641895295176364,180
rolling_origin,1,linear_interpolation,Linear Interpolation,vo,0.045430676379157556,0.03371721441642593,0.33677719267882766,180
rolling_origin,1,linear_interpolation,Linear Interpolation,NDVI_daily,0.047672951229976473,0.03462105037920302,0.5398531392428771,180
rolling_origin,1,linear_interpolation,Linear Interpolation,NDVI_raw,0.09405638987802946,0.0764882958019928,-0.2472648766157961,180
rolling_origin,1,linear_interpolation,Linear Interpolation,precip_mm_day,20.0029234390893,9.041344173640447,-0.10563462577730243,180
rolling_origin,1,linear_interpolation,Linear Interpolation,wind_speed_ms,1.722595340440389,1.2970606050649147,-0.022523088564363247,180
rolling_origin,1,linear_interpolation,Linear Interpolation,wind_u_ms,2.8079314033382072,1.9746758147548022,-0.5155677920173118,180
rolling_origin,1,linear_interpolation,Linear Interpolation,wind_v_ms,2.6101936247478017,1.8098649228665369,-0.31563945566334795,180
rolling_origin,1,climatological,Climatological Substitution,CHL,0.6023914365612567,0.3798001527638889,0.194996641578994,180
rolling_origin,1,climatological,Climatological Substitution,mlotst,2.9424356358030344,2.5515806419050526,0.08121404227002316,180
rolling_origin,1,climatological,Climatological Substitution,no3,0.0600164274524667,0.04128104201236111,-0.5729896588948267,180
rolling_origin,1,climatological,Climatological Substitution,o2,1.46646648892522,1.103164333333333,0.6825133524239005,180
rolling_origin,1,climatological,Climatological Substitution,po4,0.00074219183259218,0.0003988755893013889,-12.86670314537436,180
rolling_origin,1,climatological,Climatological Substitution,so,0.7455991056063169,0.6240261622588151,-1.4271862213549098,180
rolling_origin,1,climatological,Climatological Substitution,thetao,0.3628852826404455,0.2920005897525697,0.7787999094327847,180
rolling_origin,1,climatological,Climatological Substitution,uo,0.08072059372257763,0.06433640886098145,0.09967814929061691,180
rolling_origin,1,climatological,Climatological Substitution,vo,0.05107481579451524,0.041727703646756674,0.1617478709543979,180
rolling_origin,1,climatological,Climatological Substitution,NDVI_daily,0.07042068154931656,0.05096368272762712,-0.004044208175336017,180
rolling_origin,1,climatological,Climatological Substitution,NDVI_raw,0.07970821965053294,0.05618777224152648,0.10424694165426829,180
rolling_origin,1,climatological,Climatological Substitution,precip_mm_day,15.525967596195985,9.747992551052045,0.333896007505183,180
rolling_origin,1,climatological,Climatological Substitution,wind_speed_ms,1.3806044591035225,1.1444432298713896,0.34318187244589415,180
rolling_origin,1,climatological,Climatological Substitution,wind_u_ms,2.024594363830093,1.5560623604979336,0.21208670907894633,180
rolling_origin,1,climatological,Climatological Substitution,wind_v_ms,2.019272532337658,1.5391554747363738,0.212625554301472,180
rolling_origin,2,linear_interpolation,Linear Interpolation,CHL,0.6883036145968583,0.49004395565811953,-2.160862248942171,180
rolling_origin,2,linear_interpolation,Linear Interpolation,mlotst,0.03772188910741908,0.005086418489615122,0.9991614447544558,180
rolling_origin,2,linear_interpolation,Linear Interpolation,no3,0.034427130284506856,0.02353845054761905,-0.0940765017477585,180
rolling_origin,2,linear_interpolation,Linear Interpolation,o2,1.2549105452253486,0.9766852533577502,0.5375142606217613,180
rolling_origin,2,linear_interpolation,Linear Interpolation,po4,5.976875285033976e-05,4.31393329458486e-05,0.6998002824792207,180
rolling_origin,2,linear_interpolation,Linear Interpolation,so,0.3598692348699503,0.26666064655848337,0.5413590364275185,180
rolling_origin,2,linear_interpolation,Linear Interpolation,thetao,0.502472084525793,0.4057764268347199,0.4714821451657545,180
rolling_origin,2,linear_interpolation,Linear Interpolation,uo,0.073170132919164,0.060138828233703125,0.035484659680741215,180
rolling_origin,2,linear_interpolation,Linear Interpolation,vo,0.03637071397524877,0.025461100558699136,0.3359621790177567,180
rolling_origin,2,linear_interpolation,Linear Interpolation,NDVI_daily,0.010093730121551564,0.008053078426190208,0.9360988211315967,180
rolling_origin,2,linear_interpolation,Linear Interpolation,NDVI_raw,0.09622205440901133,0.06884342425995023,-2.6943131705422285,180
rolling_origin,2,linear_interpolation,Linear Interpolation,precip_mm_day,10.43654138868029,6.468849734350955,-0.24700216995567414,180
rolling_origin,2,linear_interpolation,Linear Interpolation,wind_speed_ms,1.2209029966926421,0.8733421960224083,0.15725597016242976,180
rolling_origin,2,linear_interpolation,Linear Interpolation,wind_u_ms,1.7363528627405294,1.3453374283939963,-0.10299972491210374,180
rolling_origin,2,linear_interpolation,Linear Interpolation,wind_v_ms,1.5574523822190987,1.1281127561311461,-0.11280136063718516,180
rolling_origin,2,climatological,Climatological Substitution,CHL,0.36615278406750373,0.2885315600972222,0.10552099683671567,180
rolling_origin,2,climatological,Climatological Substitution,mlotst,1.359998086393894,1.3021231333414713,-0.08998722156154249,180
rolling_origin,2,climatological,Climatological Substitution,no3,0.02526290974337436,0.020615227694444446,0.41086776631540556,180
rolling_origin,2,climatological,Climatological Substitution,o2,1.9942279235120437,1.6051067638888898,-0.16794500717115213,180
rolling_origin,2,climatological,Climatological Substitution,po4,9.725266735769604e-05,7.706336720972223e-05,0.20518704952589306,180
rolling_origin,2,climatological,Climatological Substitution,so,0.36809817486766566,0.2687938913004475,0.5201442222217748,180
rolling_origin,2,climatological,Climatological Substitution,thetao,0.6917512351477322,0.5938718827441336,-0.0016953832759190046,180
rolling_origin,2,climatological,Climatological Substitution,uo,0.07319855140181607,0.05882145988289265,0.03473529968212907,180
rolling_origin,2,climatological,Climatological Substitution,vo,0.040595491738163514,0.03168711403850464,0.17273476191184145,180
rolling_origin,2,climatological,Climatological Substitution,NDVI_daily,0.04179051618651691,0.030473918356990412,-0.0953703063286857,180
rolling_origin,2,climatological,Climatological Substitution,NDVI_raw,0.04138060451478681,0.0318703903521555,0.3167523925618082,180
rolling_origin,2,climatological,Climatological Substitution,precip_mm_day,8.888557547657127,6.563656300295364,0.09548330587314124,180
rolling_origin,2,climatological,Climatological Substitution,wind_speed_ms,1.319012595267614,1.096261751561821,0.016371167487229887,180
rolling_origin,2,climatological,Climatological Substitution,wind_u_ms,1.6933621338336664,1.3503200087666456,-0.04905707584952301,180
rolling_origin,2,climatological,Climatological Substitution,wind_v_ms,1.4730449534552594,1.2067932358411742,0.0045485250104692065,180
rolling_origin,3,linear_interpolation,Linear Interpolation,CHL,0.7535422102037628,0.4372745681123321,0.14911750792740386,180
rolling_origin,3,linear_interpolation,Linear Interpolation,mlotst,0.7665831477897999,0.4464869329125892,0.8579846140680215,180
rolling_origin,3,linear_interpolation,Linear Interpolation,no3,0.02537428723749317,0.02042364177111111,0.6291662923874686,180
rolling_origin,3,linear_interpolation,Linear Interpolation,o2,1.297552478852321,0.9929612338217333,0.4831004700606618,180
rolling_origin,3,linear_interpolation,Linear Interpolation,po4,0.0015253761586872386,0.0009496806736724665,-0.5911257736714257,180
rolling_origin,3,linear_interpolation,Linear Interpolation,so,0.31366943870877484,0.2646864455444011,0.41053262132828094,180
rolling_origin,3,linear_interpolation,Linear Interpolation,thetao,0.3316496621194224,0.25834141826195733,0.8732156534241594,180
rolling_origin,3,linear_interpolation,Linear Interpolation,uo,0.08304962767553015,0.06047335804880153,0.07383712307404866,180
rolling_origin,3,linear_interpolation,Linear Interpolation,vo,0.05094345936631701,0.03796946006612131,-0.02637907411412832,180
rolling_origin,3,linear_interpolation,Linear Interpolation,NDVI_daily,0.07259905324409914,0.04042859319245487,0.3051727206836641,180
rolling_origin,3,linear_interpolation,Linear Interpolation,NDVI_raw,0.09671624006747394,0.05182271328925865,-0.013575322209118612,180
rolling_origin,3,linear_interpolation,Linear Interpolation,precip_mm_day,11.26188625644021,9.161690385911882,-0.5510688744183994,180
rolling_origin,3,linear_interpolation,Linear Interpolation,wind_speed_ms,1.2163447384809367,0.9298384009875226,0.48192663224683874,180
rolling_origin,3,linear_interpolation,Linear Interpolation,wind_u_ms,2.322807706815914,1.6712430461782757,0.010546139235288132,180
rolling_origin,3,linear_interpolation,Linear Interpolation,wind_v_ms,2.278232920169838,1.6937739300574943,-0.46062020138963056,180
rolling_origin,3,climatological,Climatological Substitution,CHL,0.8152967663603313,0.5418752919583333,0.0039391788794624905,180
rolling_origin,3,climatological,Climatological Substitution,mlotst,1.981874436332165,1.8094933776805797,0.05077507247803992,180
rolling_origin,3,climatological,Climatological Substitution,no3,0.03569064940886902,0.022304935408472223,0.26633060958164,180
rolling_origin,3,climatological,Climatological Substitution,o2,1.3001443751694635,0.9675797916666682,0.4810333658728414,180
rolling_origin,3,climatological,Climatological Substitution,po4,0.027351809584671604,0.02020207903013333,-510.59080606542625,180
rolling_origin,3,climatological,Climatological Substitution,so,0.49193097718941176,0.41876693314407015,-0.4498521099788835,180
rolling_origin,3,climatological,Climatological Substitution,thetao,0.6176889338324854,0.5167231254279615,0.5602091798384781,180
rolling_origin,3,climatological,Climatological Substitution,uo,0.07945940282121434,0.062157726380974034,0.15218209662254345,180
rolling_origin,3,climatological,Climatological Substitution,vo,0.0494674687559057,0.04397250956390051,0.03223413493392535,180
rolling_origin,3,climatological,Climatological Substitution,NDVI_daily,0.06850796563834985,0.04923844666439901,0.38127581979836855,180
rolling_origin,3,climatological,Climatological Substitution,NDVI_raw,0.07324915334358505,0.04705177255951563,0.4186168543199187,180
rolling_origin,3,climatological,Climatological Substitution,precip_mm_day,7.802783209087083,5.129115318681394,0.2554259588091403,180
rolling_origin,3,climatological,Climatological Substitution,wind_speed_ms,1.3876128110556234,1.1210941503688296,0.32576001038977886,180
rolling_origin,3,climatological,Climatological Substitution,wind_u_ms,2.132328728543103,1.5762071127157118,0.16617032500370255,180
rolling_origin,3,climatological,Climatological Substitution,wind_v_ms,1.3562338487258656,1.0164802907344919,0.48238099296706816,180
rolling_origin,4,linear_interpolation,Linear Interpolation,CHL,0.8218439834357454,0.5789460962912087,-1.231569252755797,180
rolling_origin,4,linear_interpolation,Linear Interpolation,mlotst,2.436712650508611,1.455041740497208,0.5149276132732615,180
rolling_origin,4,linear_interpolation,Linear Interpolation,no3,0.001630977503758158,0.0009909716733638584,0.13081920274633718,180
rolling_origin,4,linear_interpolation,Linear Interpolation,o2,2.2885580887495376,1.997259764346766,0.028456374809536666,180
rolling_origin,4,linear_interpolation,Linear Interpolation,po4,0.025145929780005426,0.01958022362533578,-0.04879907418342899,180
rolling_origin,4,linear_interpolation,Linear Interpolation,so,0.14565068910071463,0.10993664213046862,0.7511821561472278,180
rolling_origin,4,linear_interpolation,Linear Interpolation,thetao,0.5564812486128901,0.47057755173357946,0.2543998686371042,180
rolling_origin,4,linear_interpolation,Linear Interpolation,uo,0.04599481781293916,0.03426872748001427,0.2177439599334262,180
rolling_origin,4,linear_interpolation,Linear Interpolation,vo,0.0399221166564122,0.03401362404206788,0.6998175330107329,180
rolling_origin,4,linear_interpolation,Linear Interpolation,NDVI_daily,0.007335301409621322,0.004512551427342347,0.9977967127713687,180
rolling_origin,4,linear_interpolation,Linear Interpolation,NDVI_raw,0.2183492626133389,0.2183492626133389,,180
rolling_origin,4,linear_interpolation,Linear Interpolation,precip_mm_day,8.123609067275629,7.016372541356547,-0.4508989237303611,180
rolling_origin,4,linear_interpolation,Linear Interpolation,wind_speed_ms,2.4837122168987533,2.0594387814980633,-0.9223854312322737,180
rolling_origin,4,linear_interpolation,Linear Interpolation,wind_u_ms,1.6602496983904789,1.2489167758253792,-0.237806807363661,180
rolling_origin,4,linear_interpolation,Linear Interpolation,wind_v_ms,2.5620607639026924,2.181169317949176,-1.7709037154889642,180
rolling_origin,4,climatological,Climatological Substitution,CHL,0.6032009557386522,0.4834988890277777,-0.2021416679033563,180
rolling_origin,4,climatological,Climatological Substitution,mlotst,3.403336993179461,3.0287502764620715,0.053745788493712365,180
rolling_origin,4,climatological,Climatological Substitution,no3,0.0030730722883393004,0.0018972568616666666,-2.085742868734487,180
rolling_origin,4,climatological,Climatological Substitution,o2,1.6796099124798352,1.3447975694444443,0.47669451837644883,180
rolling_origin,4,climatological,Climatological Substitution,po4,0.014200492102852041,0.01109384051873611,0.6655249805088305,180
rolling_origin,4,climatological,Climatological Substitution,so,0.3150428095963717,0.2787643307237886,-0.16411417840602494,180
rolling_origin,4,climatological,Climatological Substitution,thetao,0.44142581035747047,0.3698344876058402,0.5308406756073472,180
rolling_origin,4,climatological,Climatological Substitution,uo,0.04872707058803519,0.04194769123569131,0.12204607425652991,180
rolling_origin,4,climatological,Climatological Substitution,vo,0.07119364716003267,0.06800498801749195,0.045357670363185276,180
rolling_origin,4,climatological,Climatological Substitution,NDVI_daily,0.18086909613704974,0.14250819014203628,-0.3395654137568749,180
rolling_origin,4,climatological,Climatological Substitution,NDVI_raw,0.0,0.0,,180
rolling_origin,4,climatological,Climatological Substitution,precip_mm_day,6.146587981086957,3.8042385187606476,0.1693705364990239,180
rolling_origin,4,climatological,Climatological Substitution,wind_speed_ms,1.6784353881357819,1.4087422511963856,0.1220957031027512,180
rolling_origin,4,climatological,Climatological Substitution,wind_u_ms,1.4091388126033548,1.171968222345447,0.10831060639717249,180
rolling_origin,4,climatological,Climatological Substitution,wind_v_ms,1.2823012933527873,1.0207770044626467,0.3058988812603316,180
rolling_origin_180,1,linear_interpolation,Linear Interpolation,CHL,1.0671565535011587,0.524080439300798,0.14102036195441003,360
rolling_origin_180,1,linear_interpolation,Linear Interpolation,mlotst,2.1781533360806162,1.3014580583640079,0.5854804419445845,360
rolling_origin_180,1,linear_interpolation,Linear Interpolation,no3,0.03806462443854544,0.021136676614591777,0.2909134617703991,360
rolling_origin_180,1,linear_interpolation,Linear Interpolation,o2,2.3442021872340737,1.9511069544198898,0.2687274795549508,360
rolling_origin_180,1,linear_interpolation,Linear Interpolation,po4,0.01995622982605349,0.016953879996195027,-0.1249699001764275,360
rolling_origin_180,1,linear_interpolation,Linear Interpolation,so,0.5011574849599004,0.33345863642106716,0.11038588261325322,360
rolling_origin_180,1,linear_interpolation,Linear Interpolation,thetao,0.8138524815766695,0.698478463370332,0.5073987713624583,360
rolling_origin_180,1,linear_interpolation,Linear Interpolation,uo,0.08580858486762345,0.06846813543684244,0.03314261834794774,360
rolling_origin_180,1,linear_interpolation,Linear Interpolation,vo,0.052731535988329824,0.04112749458522177,0.389736554985331,360
rolling_origin_180,1,linear_interpolation,Linear Interpolation,NDVI_daily,0.07375081535917538,0.05617725806301083,-0.3094883254020244,360
rolling_origin_180,1,linear_interpolation,Linear Interpolation,NDVI_raw,0.08888954946496633,0.06979657199492605,-0.48439659208711006,360
rolling_origin_180,1,linear_interpolation,Linear Interpolation,precip_mm_day,15.894530830561045,5.817679916814896,-0.15469303749145347,360
rolling_origin_180,1,linear_interpolation,Linear Interpolation,wind_speed_ms,2.187832118075867,1.7093324891808535,-0.1785236104350889,360
rolling_origin_180,1,linear_interpolation,Linear Interpolation,wind_u_ms,2.787526456668583,2.2743386185700514,-0.2044283004700853,360
rolling_origin_180,1,linear_interpolation,Linear Interpolation,wind_v_ms,3.6326665342901983,3.1273836720599135,-1.381196261053236,360
rolling_origin_180,1,climatological,Climatological Substitution,CHL,1.0123140722802966,0.5411100172291666,0.22703977657035457,360
rolling_origin_180,1,climatological,Climatological Substitution,mlotst,3.2405540081621,2.8355723409085636,0.08249877018128293,360
rolling_origin_180,1,climatological,Climatological Substitution,no3,0.04702307287122792,0.027331313417569444,-0.08212680316925147,360
rolling_origin_180,1,climatological,Climatological Substitution,o2,1.4898010166556928,1.1902252638888888,0.7046440985068342,360
rolling_origin_180,1,climatological,Climatological Substitution,po4,0.012027717890173092,0.006951999637464583,0.5913510614146267,360
rolling_origin_180,1,climatological,Climatological Substitution,so,0.6351069297603995,0.5011790948628915,-0.4287193505701381,360
rolling_origin_180,1,climatological,Climatological Substitution,thetao,0.3663246109709218,0.2921160514466463,0.9001986764818832,360
rolling_origin_180,1,climatological,Climatological Substitution,uo,0.06909075718593778,0.05534786009229719,0.3731828906350453,360
rolling_origin_180,1,climatological,Climatological Substitution,vo,0.06368991528227001,0.05379099224228408,0.10973796155636273,360
rolling_origin_180,1,climatological,Climatological Substitution,NDVI_daily,0.0757713044030411,0.05700052303690351,-0.3822210612561243,360
rolling_origin_180,1,climatological,Climatological Substitution,NDVI_raw,0.05902923085581442,0.041045502899343944,0.3453897707280248,360
rolling_origin_180,1,climatological,Climatological Substitution,precip_mm_day,12.039521070933846,7.00956226352082,0.33749441579284567,360
rolling_origin_180,1,climatological,Climatological Substitution,wind_speed_ms,1.5650838906917632,1.2762486668992628,0.39690525694104273,360
rolling_origin_180,1,climatological,Climatological Substitution,wind_u_ms,1.800841040621072,1.4103933821515744,0.4973175597642334,360
rolling_origin_180,1,climatological,Climatological Substitution,wind_v_ms,1.7358770315614904,1.3266157619862107,0.45627157267552765,360
rolling_origin_180,2,linear_interpolation,Linear Interpolation,CHL,0.49173372329242826,0.36604183809116014,0.006318918350714187,360
rolling_origin_180,2,linear_interpolation,Linear Interpolation,mlotst,2.46815315285893,1.5208391283949219,-2.2380761956304007,360
rolling_origin_180,2,linear_interpolation,Linear Interpolation,no3,0.10735656803022102,0.07458528209060467,-0.7979243192527481,360
rolling_origin_180,2,linear_interpolation,Linear Interpolation,o2,3.009538549376154,2.6503974277163898,-0.47779980781220366,360
rolling_origin_180,2,linear_interpolation,Linear Interpolation,po4,0.00652413766920981,0.004447254050006338,-22.485720486605466,360
rolling_origin_180,2,linear_interpolation,Linear Interpolation,so,1.0112022710409987,0.6320585639252021,-0.2596831096857599,360
rolling_origin_180,2,linear_interpolation,Linear Interpolation,thetao,0.5756157078133575,0.45456796567424024,0.3951996283986504,360
rolling_origin_180,2,linear_interpolation,Linear Interpolation,uo,0.14186259885432342,0.1134753540809168,-1.9635194478747282,360
rolling_origin_180,2,linear_interpolation,Linear Interpolation,vo,0.05700991897300963,0.041884429494268884,-0.405140763180722,360
rolling_origin_180,2,linear_interpolation,Linear Interpolation,NDVI_daily,0.11341433942289726,0.09982968190227089,-2.6044558602123753,360
rolling_origin_180,2,linear_interpolation,Linear Interpolation,NDVI_raw,0.12938947938768777,0.11516156762156697,-1.5610175005021651,360
rolling_origin_180,2,linear_interpolation,Linear Interpolation,precip_mm_day,15.915565794107724,9.95208581505682,-0.6165535192933544,360
rolling_origin_180,2,linear_interpolation,Linear Interpolation,wind_speed_ms,2.351544746221369,1.9602415986037645,-1.4586514418972314,360
rolling_origin_180,2,linear_interpolation,Linear Interpolation,wind_u_ms,3.8433271440705616,3.149064917091784,-3.11626596211397,360
rolling_origin_180,2,linear_interpolation,Linear Interpolation,wind_v_ms,3.25701214605471,2.4605464537705366,-1.9310860407406754,360
rolling_origin_180,2,climatological,Climatological Substitution,CHL,0.44095015965096906,0.33282855808333334,0.20096455840095773,360
rolling_origin_180,2,climatological,Climatological Substitution,mlotst,1.4257581529939116,1.3415428766359885,-0.08052440814670692,360
rolling_origin_180,2,climatological,Climatological Substitution,no3,0.06123105133998786,0.03701017828402778,0.4151323499979074,360
rolling_origin_180,2,climatological,Climatological Substitution,o2,1.8364146187386952,1.4482290763888892,0.4497535274226936,360
rolling_origin_180,2,climatological,Climatological Substitution,po4,0.001034801400070191,0.0003633250324090278,0.40915757812082165,360
rolling_origin_180,2,climatological,Climatological Substitution,so,0.5717930219611307,0.4217281822639052,0.5972246018609478,360
rolling_origin_180,2,climatological,Climatological Substitution,thetao,0.6177458234260024,0.5004470956977458,0.30342736124739944,360
rolling_origin_180,2,climatological,Climatological Substitution,uo,0.07472563181972712,0.05878564302111042,0.17773623995262255,360
rolling_origin_180,2,climatological,Climatological Substitution,vo,0.04232413888886759,0.03462070575915274,0.22554667780343918,360
rolling_origin_180,2,climatological,Climatological Substitution,NDVI_daily,0.0471612692031843,0.034655573771679646,0.37673212171012305,360
rolling_origin_180,2,climatological,Climatological Substitution,NDVI_raw,0.04530516666717444,0.03317283565763183,0.686014147526107,360
rolling_origin_180,2,climatological,Climatological Substitution,precip_mm_day,10.319165379192306,7.490827837946854,0.32042863903134955,360
rolling_origin_180,2,climatological,Climatological Substitution,wind_speed_ms,1.3371943745613601,1.0780504091173408,0.20497725876535888,360
rolling_origin_180,2,climatological,Climatological Substitution,wind_u_ms,1.7435599892305942,1.375708989198721,0.15284571826862714,360
rolling_origin_180,2,climatological,Climatological Substitution,wind_v_ms,1.7547453639929835,1.3091440735202482,0.14921853816119934,360
rolling_origin_180,3,linear_interpolation,Linear Interpolation,CHL,0.6598278580472193,0.4140920387829957,0.16868440252928485,360
rolling_origin_180,3,linear_interpolation,Linear Interpolation,mlotst,1.5128999363791062,0.9121995096704928,0.6322310288425785,360
rolling_origin_180,3,linear_interpolation,Linear Interpolation,no3,0.03460960219016831,0.02505384880924493,0.28201672394964006,360
rolling_origin_180,3,linear_interpolation,Linear Interpolation,o2,2.9837998046225374,2.5045997226826286,0.06587285532513676,360
rolling_origin_180,3,linear_interpolation,Linear Interpolation,po4,0.005313831501574396,0.004253586181444904,-0.2847064902429952,360
rolling_origin_180,3,linear_interpolation,Linear Interpolation,so,0.3466158644786823,0.2595555553700291,0.23714797740325055,360
rolling_origin_180,3,linear_interpolation,Linear Interpolation,thetao,0.7296328395196968,0.5444497757776554,0.6776626117624733,360
rolling_origin_180,3,linear_interpolation,Linear Interpolation,uo,0.07860161871301127,0.06332810840811268,0.40012150843412553,360
rolling_origin_180,3,linear_interpolation,Linear Interpolation,vo,0.03243101525423316,0.023218248743121374,0.6597822375853741,360
rolling_origin_180,3,linear_interpolation,Linear Interpolation,NDVI_daily,0.06717773372503659,0.04833302252628115,-0.03718646215357024,360
rolling_origin_180,3,linear_interpolation,Linear Interpolation,NDVI_raw,0.09488716220673467,0.07349929000445113,-0.3275142831577793,360
rolling_origin_180,3,linear_interpolation,Linear Interpolation,precip_mm_day,10.429427609231592,7.980575033100538,-0.3337318106502325,360
rolling_origin_180,3,linear_interpolation,Linear Interpolation,wind_speed_ms,2.1256981972418214,1.7517304539224656,-0.10483438144294754,360
rolling_origin_180,3,linear_interpolation,Linear Interpolation,wind_u_ms,2.0336112593140405,1.5424846946827302,0.43813609148925203,360
rolling_origin_180,3,linear_interpolation,Linear Interpolation,wind_v_ms,1.730966453485842,1.321644048240873,0.5494512218164722,360
rolling_origin_180,3,climatological,Climatological Substitution,CHL,0.7084838720673629,0.4962247599166667,0.0415607941316577,360
rolling_origin_180,3,climatological,Climatological Substitution,mlotst,2.429321196114074,2.1156851740502236,0.051746281349793644,360
rolling_origin_180,3,climatological,Climatological Substitution,no3,0.028392417489662918,0.01699714843027778,0.5168011876240035,360
rolling_origin_180,3,climatological,Climatological Substitution,o2,1.3776538923474695,1.0742977083333345,0.800865330705949,360
rolling_origin_180,3,climatological,Climatological Substitution,po4,0.035646674308610786,0.026356098437562498,-56.813118499556126,360
rolling_origin_180,3,climatological,Climatological Substitution,so,0.5217096507468344,0.4247392358956857,-0.7282285304412572,360
rolling_origin_180,3,climatological,Climatological Substitution,thetao,0.5247288284532539,0.43158716554753496,0.833286109222673,360
rolling_origin_180,3,climatological,Climatological Substitution,uo,0.07292909097260988,0.05737776483874766,0.4835813577896786,360
rolling_origin_180,3,climatological,Climatological Substitution,vo,0.05430763174984012,0.0464436610927805,0.04597968242531392,360
rolling_origin_180,3,climatological,Climatological Substitution,NDVI_daily,0.05260396000023262,0.0349465349126126,0.3640206419236388,360
rolling_origin_180,3,climatological,Climatological Substitution,NDVI_raw,0.061906833603592434,0.03360840897108259,0.43493101793998157,360
rolling_origin_180,3,climatological,Climatological Substitution,precip_mm_day,8.041918136857035,5.188847393775263,0.20701155820343464,360
rolling_origin_180,3,climatological,Climatological Substitution,wind_speed_ms,1.7392450734482834,1.3577325372927953,0.2603682667735714,360
rolling_origin_180,3,climatological,Climatological Substitution,wind_u_ms,2.0135654518691157,1.5544575768086364,0.44915835988774655,360
rolling_origin_180,3,climatological,Climatological Substitution,wind_v_ms,1.6322870406035856,1.2289289313964449,0.5993569817066868,360
rolling_origin_180,4,linear_interpolation,Linear Interpolation,CHL,0.6924804628231105,0.4964526797047268,0.13829451675349136,360
rolling_origin_180,4,linear_interpolation,Linear Interpolation,mlotst,2.6904936920197104,1.4897140878122905,0.43494214831570055,360
rolling_origin_180,4,linear_interpolation,Linear Interpolation,no3,0.07799182762031233,0.06930185826560314,-7.4902450899708075,360
rolling_origin_180,4,linear_interpolation,Linear Interpolation,o2,3.3123250648492175,2.6692374097605893,-0.6639903958188698,360
rolling_origin_180,4,linear_interpolation,Linear Interpolation,po4,0.02891539645315261,0.02045684367065003,0.13975434975705592,360
rolling_origin_180,4,linear_interpolation,Linear Interpolation,so,0.8116052527601892,0.7233378402753708,-0.7009178269721352,360
rolling_origin_180,4,linear_interpolation,Linear Interpolation,thetao,1.4566528682645412,1.1899996734733658,-1.6559140679618642,360
rolling_origin_180,4,linear_interpolation,Linear Interpolation,uo,0.057054999033769066,0.04153678732672038,0.12433213562180567,360
rolling_origin_180,4,linear_interpolation,Linear Interpolation,vo,0.04285025276531646,0.0299022191548874,0.5945122784800699,360
rolling_origin_180,4,linear_interpolation,Linear Interpolation,NDVI_daily,0.20651198733480725,0.15304776116993737,-0.5515802029477632,360
rolling_origin_180,4,linear_interpolation,Linear Interpolation,NDVI_raw,0.3369577480757072,0.2561472350938244,-0.7158860833161469,360
rolling_origin_180,4,linear_interpolation,Linear Interpolation,precip_mm_day,13.288507479132292,5.973318898249521,-0.21562483508678243,360
rolling_origin_180,4,linear_interpolation,Linear Interpolation,wind_speed_ms,2.009551424042266,1.5895268899810613,-0.12734597087687627,360
rolling_origin_180,4,linear_interpolation,Linear Interpolation,wind_u_ms,1.8935264594711974,1.4695749497135262,-0.10740133357421944,360
rolling_origin_180,4,linear_interpolation,Linear Interpolation,wind_v_ms,1.7748918491551056,1.339220532060662,-0.032336787730337324,360
rolling_origin_180,4,climatological,Climatological Substitution,CHL,0.7223365115600553,0.5283486255416666,0.06238846554451516,360
rolling_origin_180,4,climatological,Climatological Substitution,mlotst,3.511643785006573,3.0860784515221087,0.03739110945916868,360
rolling_origin_180,4,climatological,Climatological Substitution,no3,0.016649063575178265,0.008963628317777778,0.6130973933365014,360
rolling_origin_180,4,climatological,Climatological Substitution,o2,1.5686689689113558,1.2871977013888893,0.6267949391512972,360
rolling_origin_180,4,climatological,Climatological Substitution,po4,0.010521376818071379,0.006683922438847222,0.8861037742648025,360
rolling_origin_180,4,climatological,Climatological Substitution,so,0.5689713389940854,0.4250581967062317,0.16406133217957086,360
rolling_origin_180,4,climatological,Climatological Substitution,thetao,0.43932029438130826,0.3428693499416113,0.7584180877913421,360
rolling_origin_180,4,climatological,Climatological Substitution,uo,0.0596037365005787,0.049086055369116366,0.04434974599617769,360
rolling_origin_180,4,climatological,Climatological Substitution,vo,0.06457133145533332,0.058108301658648956,0.07923158139359487,360
rolling_origin_180,4,climatological,Climatological Substitution,NDVI_daily,0.19575782217013965,0.15568416525264736,-0.3941899477567361,360
rolling_origin_180,4,climatological,Climatological Substitution,NDVI_raw,0.1365550119384805,0.08636497272741664,0.7181923055599706,360
rolling_origin_180,4,climatological,Climatological Substitution,precip_mm_day,11.330095228366003,6.747635633360744,0.11628083423914282,360
rolling_origin_180,4,climatological,Climatological Substitution,wind_speed_ms,1.7311677825103975,1.417295756231665,0.16336256891993162,360
rolling_origin_180,4,climatological,Climatological Substitution,wind_u_ms,1.7396801842889233,1.4198877975568913,0.06523784914300301,360
rolling_origin_180,4,climatological,Climatological Substitution,wind_v_ms,1.658541321693397,1.271761175528492,0.09857373859034269,360
seasonal,,linear_interpolation,Linear Interpolation,CHL,0.43598866168176353,0.2455275319625127,0.45523212752834974,658
seasonal,,linear_interpolation,Linear Interpolation,mlotst,0.4848728116485915,0.16849727511760737,0.9551663929263057,658
seasonal,,linear_interpolation,Linear Interpolation,no3,0.007613184671001192,0.004381370813865973,0.987100071952579,658
seasonal,,linear_interpolation,Linear Interpolation,o2,0.2274264219110023,0.13533196186134064,0.994114196589334,658
seasonal,,linear_interpolation,Linear Interpolation,po4,0.00026385695841670757,7.91355588856926e-05,0.9998734073594431,658
seasonal,,linear_interpolation,Linear Interpolation,so,0.12315278463776094,0.06319358955407174,0.9754775918938964,658
seasonal,,linear_interpolation,Linear Interpolation,thetao,0.15188412147949504,0.11279012699414563,0.9803527831465962,658
seasonal,,linear_interpolation,Linear Interpolation,uo,0.04051486979669346,0.02807644561994245,0.8127162318651203,658
seasonal,,linear_interpolation,Linear Interpolation,vo,0.029969241393353503,0.01875238944511476,0.6644488646991176,658
seasonal,,linear_interpolation,Linear Interpolation,NDVI_daily,0.001425508752201828,0.00022901784140391028,0.9997735262880428,656
seasonal,,linear_interpolation,Linear Interpolation,NDVI_raw,0.14967350002277224,0.0934703858368074,-3.1745460292311583,24
seasonal,,linear_interpolation,Linear Interpolation,precip_mm_day,11.797612397231031,7.218609422032171,0.03672975762525588,658
seasonal,,linear_interpolation,Linear Interpolation,wind_speed_ms,0.8512854286965732,0.6230643145224936,0.7817002375214123,658
seasonal,,linear_interpolation,Linear Interpolation,wind_u_ms,0.863361693417993,0.5985823330078387,0.870510394315851,658
seasonal,,linear_interpolation,Linear Interpolation,wind_v_ms,1.1901896771649463,0.7719296921023728,0.7616056199709793,658
seasonal,,climatological,Climatological Substitution,CHL,0.5417186397446568,0.38330228239171726,0.15897548442293863,658
seasonal,,climatological,Climatological Substitution,mlotst,2.1510035922328803,1.8445755577912288,0.11767154059523299,658
seasonal,,climatological,Climatological Substitution,no3,0.046885884423372805,0.030221238082161858,0.5107410440076298,658
seasonal,,climatological,Climatological Substitution,o2,1.6932772826245222,1.3934889475683891,0.6737277945355669,658
seasonal,,climatological,Climatological Substitution,po4,0.013342894172683273,0.004901278083483472,0.6762785790217795,658
seasonal,,climatological,Climatological Substitution,so,0.6256494286667518,0.5065771093659986,0.3670975921536017,658
seasonal,,climatological,Climatological Substitution,thetao,0.5945147195702185,0.4856592916499961,0.6989757277199098,658
seasonal,,climatological,Climatological Substitution,uo,0.06878955861366128,0.054660946265921696,0.46009631794947436,658
seasonal,,climatological,Climatological Substitution,vo,0.047504400925054126,0.037683691940196745,0.15690812486296934,658
seasonal,,climatological,Climatological Substitution,NDVI_daily,0.08167672431175048,0.05539122418538386,0.2565108316887964,656
seasonal,,climatological,Climatological Substitution,NDVI_raw,0.0716819655106434,0.055514895822067374,0.04249900205130275,24
seasonal,,climatological,Climatological Substitution,precip_mm_day,9.850740073401674,6.344381181800366,0.3284202130971138,658
seasonal,,climatological,Climatological Substitution,wind_speed_ms,1.5295375374268936,1.1809926395396555,0.2952693773710443,658
seasonal,,climatological,Climatological Substitution,wind_u_ms,1.7149330711922544,1.361896693024096,0.4890908174230042,658
seasonal,,climatological,Climatological Substitution,wind_v_ms,1.759067838971052,1.3270991498784728,0.4792505360270036,658
